,имя,номер телефона,должность,e-mail
0,Анфим Доронин,74471228164,,
1,Нана Ажаева,76890761056,,
2,Филимон Навальный,73911214682,,
3,Евдоким Ремизов,73177132297,,
4,Шейла Блохина,76938199187,,
5,Рогнеда Мисайлова,73209464952,,
6,Рамина Ермилина,70241637037,,
7,Сания Дудина,79283665873,,
8,Никита Гроссман,71120263266,,
9,Айсель Аренская,72348252588,,
10,Иосиф Воротников,73475326486,,
11,Евстафий Скидан,75821826141,,
12,Варвара Одоевская,71259240541,,
13,Зоя Петрушевская,70056065053,,
14,Индира Федулова,75906401927,,
15,Феликс Радивонов,79462438856,,
16,Порфирий Долинский,76328684076,,
